<?xml version="1.0" encoding="UTF-8"?>
<project-private xmlns="http://www.netbeans.org/ns/project-private/1">
    <editor-bookmarks xmlns="http://www.netbeans.org/ns/editor-bookmarks/2" lastBookmarkId="0"/>
    <open-files xmlns="http://www.netbeans.org/ns/projectui-open-files/2">
        <group>
            <file>file:/Users/jaremylongley/350-Project/Car_Rental/src/Business_logic/CarSpec.java</file>
            <file>file:/Users/jaremylongley/350-Project/Car_Rental/src/Business_logic/CarRentalSystem.java</file>
            <file>file:/Users/jaremylongley/350-Project/Car_Rental/src/Business_logic/Car.java</file>
            <file>file:/Users/jaremylongley/350-Project/Car_Rental/src/UserInterface/CarRentalFrame.java</file>
        </group>
    </open-files>
</project-private>
